id,first_name,last_name,email,gender
1,Megen,Playle,mplayle0@scribd.com,Female
2,Arabelle,Bresnen,abresnen1@fastcompany.com,Female
3,Fairlie,Dunphy,fdunphy2@bravesites.com,Male
4,Benedick,McLaren,bmclaren3@netscape.com,Male
5,Brod,Tatford,btatford4@devhub.com,Male
6,Fleur,Jachimak,fjachimak5@naver.com,Female
7,Christian,Todd,ctodd6@go.com,Male
8,Claretta,Lacase,clacase7@cmu.edu,Female
9,Katinka,Shergill,kshergill8@yolasite.com,Female
10,Filide,Nuccitelli,fnuccitelli9@amazonaws.com,Female
11,Mufinella,McColgan,mmccolgana@hud.gov,Female
12,Marjie,Guidoni,mguidonib@youku.com,Bigender
13,Kalie,Measen,kmeasenc@salon.com,Female
14,Adolpho,Parslow,aparslowd@google.fr,Male
15,Dacia,Tapson,dtapsone@wiley.com,Female
16,Katha,Zanioletti,kzaniolettif@artisteer.com,Genderqueer
17,Kelly,Scouler,kscoulerg@howstuffworks.com,Male
18,Fancie,Toth,ftothh@marriott.com,Female
19,Jacky,Jewson,jjewsoni@hugedomains.com,Female
20,Gaby,Neath,gneathj@chron.com,Female
21,Yorgo,Tison,ytisonk@i2i.jp,Male
22,Dudley,Standage,dstandagel@aol.com,Bigender
23,Quinn,Carley,qcarleym@forbes.com,Female
24,Chadwick,Knott,cknottn@hexun.com,Male
25,Maribelle,McGilbon,mmcgilbono@shutterfly.com,Polygender
26,Modestia,Petkens,mpetkensp@discuz.net,Female
27,Junina,Meharry,jmeharryq@princeton.edu,Non-binary
28,Grete,Hancox,ghancoxr@illinois.edu,Female
29,Dayle,Ellwood,dellwoods@fema.gov,Female
30,Hughie,Sexon,hsexont@weibo.com,Male
31,Kit,Di Giacomettino,kdigiacomettinou@so-net.ne.jp,Female
32,Erl,Neising,eneisingv@blinklist.com,Male
33,Brad,Filyaev,bfilyaevw@alibaba.com,Male
34,Diena,Viste,dvistex@sogou.com,Female
35,Cloe,Scotchford,cscotchfordy@clickbank.net,Female
36,Cherianne,Merill,cmerillz@trellian.com,Female
37,Jany,Hoggin,jhoggin10@nasa.gov,Female
38,Sherwin,Witterick,switterick11@goo.gl,Male
39,Taddeo,Prestney,tprestney12@yellowbook.com,Male
40,Dominica,Tresvina,dtresvina13@tinypic.com,Female
41,Grayce,Vinecombe,gvinecombe14@thetimes.co.uk,Female
42,Barris,Frankling,bfrankling15@soundcloud.com,Male
43,Sibyl,Stiell,sstiell16@yale.edu,Bigender
44,Melony,Clausen-Thue,mclausenthue17@noaa.gov,Female
45,Debera,Kerrich,dkerrich18@bigcartel.com,Female
46,Althea,Tuffell,atuffell19@odnoklassniki.ru,Female
47,Fair,Nelthorpe,fnelthorpe1a@usnews.com,Male
48,Benyamin,Bowers,bbowers1b@google.cn,Male
49,Barnebas,Galpin,bgalpin1c@prlog.org,Non-binary
50,Fairfax,Rosenhaupt,frosenhaupt1d@narod.ru,Male
51,Bobbe,Ridsdole,bridsdole1e@shop-pro.jp,Female
52,Cecilio,Alfonsetto,calfonsetto1f@ebay.com,Male
53,Torr,Geffen,tgeffen1g@oaic.gov.au,Male
54,Dore,Tidcomb,dtidcomb1h@ebay.co.uk,Male
55,Clareta,Absolem,cabsolem1i@drupal.org,Polygender
56,Virginie,Prozillo,vprozillo1j@storify.com,Female
57,Atalanta,Baudichon,abaudichon1k@netvibes.com,Female
58,Niels,Maryan,nmaryan1l@opera.com,Male
59,Earl,Lycett,elycett1m@multiply.com,Male
60,Hobey,Roseman,hroseman1n@csmonitor.com,Male
61,Hamid,Blodg,hblodg1o@mit.edu,Male
62,Minna,Goulding,mgoulding1p@hexun.com,Female
63,Murray,Callingham,mcallingham1q@wunderground.com,Male
64,Raynor,Kempe,rkempe1r@mail.ru,Male
65,Nessy,Broster,nbroster1s@acquirethisname.com,Female
66,Odele,Neicho,oneicho1t@gizmodo.com,Female
67,Trenton,Gledhill,tgledhill1u@un.org,Male
68,Shelton,Lopez,slopez1v@unblog.fr,Male
69,Seana,Barfield,sbarfield1w@github.com,Female
70,Benji,Stanyforth,bstanyforth1x@google.ru,Male
71,Austin,Wadly,awadly1y@wordpress.org,Male
72,Sandy,Springle,sspringle1z@deviantart.com,Male
73,Lotte,Camilleri,lcamilleri20@fc2.com,Female
74,Jeff,Monteith,jmonteith21@hhs.gov,Male
75,Ingeberg,Vynarde,ivynarde22@wikispaces.com,Female
76,Gustaf,Fidele,gfidele23@etsy.com,Male
77,Vivyan,Collyear,vcollyear24@toplist.cz,Female
78,Wain,Korfmann,wkorfmann25@xing.com,Male
79,Trstram,Kem,tkem26@reverbnation.com,Male
80,Maxie,Verma,mverma27@topsy.com,Genderfluid
81,Brnaby,Juschka,bjuschka28@dropbox.com,Male
82,Feodor,Kitchinghan,fkitchinghan29@sun.com,Male
83,Ardith,Streatley,astreatley2a@mapy.cz,Female
84,Drusilla,Fawlks,dfawlks2b@altervista.org,Female
85,Kenton,Padefield,kpadefield2c@huffingtonpost.com,Male
86,Al,Chapman,achapman2d@ted.com,Male
87,Howie,Cassely,hcassely2e@mtv.com,Male
88,Kathleen,Bonnar,kbonnar2f@cmu.edu,Female
89,Aurie,Crosgrove,acrosgrove2g@tinypic.com,Female
90,Barnaby,Cobbled,bcobbled2h@seattletimes.com,Male
91,Cary,Alphege,calphege2i@quantcast.com,Female
92,Mile,Cawkwell,mcawkwell2j@digg.com,Male
93,Knox,Dockwray,kdockwray2k@skype.com,Male
94,Neala,Ungerer,nungerer2l@gov.uk,Female
95,Dal,O'Hannen,dohannen2m@bizjournals.com,Male
96,Channa,Dine-Hart,cdinehart2n@unc.edu,Female
97,Trix,Abramamovh,tabramamovh2o@theglobeandmail.com,Female
98,Ernesto,Helis,ehelis2p@cbc.ca,Male
99,Virgil,Capey,vcapey2q@ovh.net,Male
100,Lorne,McVey,lmcvey2r@paypal.com,Male
101,Kacey,Joost,kjoost2s@baidu.com,Female
102,Haroun,Scrivener,hscrivener2t@cyberchimps.com,Male
103,Nariko,Kolodziej,nkolodziej2u@chronoengine.com,Female
104,Winthrop,Northleigh,wnorthleigh2v@squarespace.com,Male
105,Tobey,Swyer,tswyer2w@over-blog.com,Female
106,Joyann,Carrabott,jcarrabott2x@myspace.com,Female
107,Llewellyn,De Filippo,ldefilippo2y@icq.com,Male
108,Artemas,Knapper,aknapper2z@utexas.edu,Male
109,Stefano,Kemsley,skemsley30@friendfeed.com,Male
110,Stefano,Hainey,shainey31@hc360.com,Polygender
111,Alec,Johansson,ajohansson32@rambler.ru,Male
112,Raddie,Neubigging,rneubigging33@archive.org,Male
113,Fairfax,O'Fogarty,fofogarty34@acquirethisname.com,Male
114,Garald,Thick,gthick35@facebook.com,Agender
115,Sallyanne,Ironside,sironside36@ebay.com,Female
116,Desiree,Girvin,dgirvin37@dion.ne.jp,Female
117,Lyle,Sidworth,lsidworth38@acquirethisname.com,Polygender
118,Emlynne,Teeney,eteeney39@opensource.org,Genderfluid
119,Harriott,Popley,hpopley3a@godaddy.com,Female
120,Sarge,Heinke,sheinke3b@intel.com,Male
121,Callean,Zuan,czuan3c@example.com,Male
122,Morlee,Wisson,mwisson3d@deliciousdays.com,Male
123,Robyn,Vaugham,rvaugham3e@yellowpages.com,Female
124,Anet,Goaks,agoaks3f@trellian.com,Female
125,Pen,Symper,psymper3g@telegraph.co.uk,Genderqueer
126,Michel,Liversidge,mliversidge3h@simplemachines.org,Female
127,Traver,Vasyunichev,tvasyunichev3i@wsj.com,Male
128,Jase,Bowater,jbowater3j@newsvine.com,Male
129,Gannie,Pidgeley,gpidgeley3k@tripadvisor.com,Male
130,Sayer,Joliffe,sjoliffe3l@nationalgeographic.com,Male
131,Newton,Deniset,ndeniset3m@timesonline.co.uk,Male
132,Conway,McGettrick,cmcgettrick3n@photobucket.com,Male
133,Gael,Sailer,gsailer3o@irs.gov,Female
134,Sutton,Outlaw,soutlaw3p@kickstarter.com,Male
135,Jada,Cassella,jcassella3q@wordpress.org,Female
136,Pauletta,Tuft,ptuft3r@surveymonkey.com,Female
137,Renaldo,Piens,rpiens3s@hc360.com,Male
138,Virgie,Malby,vmalby3t@berkeley.edu,Male
139,Tymon,Eakeley,teakeley3u@altervista.org,Male
140,Thom,Andrag,tandrag3v@parallels.com,Male
141,Alida,Thormwell,athormwell3w@squarespace.com,Female
142,Luisa,Gwilliam,lgwilliam3x@diigo.com,Female
143,Camella,MacMorland,cmacmorland3y@imageshack.us,Genderqueer
144,Garrick,MacRannell,gmacrannell3z@cbc.ca,Male
145,Jennifer,Doram,jdoram40@salon.com,Female
146,Maxwell,Celle,mcelle41@cafepress.com,Male
147,Tommie,Vasyunichev,tvasyunichev42@clickbank.net,Male
148,Tyson,Piatti,tpiatti43@ow.ly,Male
149,Halsey,Frankcom,hfrankcom44@free.fr,Non-binary
150,Allayne,Bassett,abassett45@lulu.com,Male
151,Pail,Meace,pmeace46@hexun.com,Male
152,Kurtis,Guyan,kguyan47@shop-pro.jp,Male
153,Sissy,Shopcott,sshopcott48@noaa.gov,Female
154,Yetty,Frosch,yfrosch49@1688.com,Female
155,Darla,Wickson,dwickson4a@ask.com,Bigender
156,Lin,Richard,lrichard4b@github.io,Male
157,Wrennie,Bleyman,wbleyman4c@webs.com,Female
158,Nara,Lowndesbrough,nlowndesbrough4d@ibm.com,Female
159,Phip,Canceller,pcanceller4e@cisco.com,Male
160,Reinhard,Blazevic,rblazevic4f@bbb.org,Male
161,Cornall,Adamides,cadamides4g@boston.com,Male
162,Durante,Blague,dblague4h@auda.org.au,Male
163,Addy,Heindl,aheindl4i@over-blog.com,Male
164,Quintina,Limmer,qlimmer4j@imageshack.us,Female
165,Darlene,Aitchison,daitchison4k@wix.com,Female
166,Denny,D'eathe,ddeathe4l@comsenz.com,Male
167,Lazaro,Alywen,lalywen4m@unicef.org,Male
168,Justus,Huxter,jhuxter4n@163.com,Male
169,Jayson,Coulthard,jcoulthard4o@photobucket.com,Male
170,Franni,Rhyme,frhyme4p@dedecms.com,Female
171,Pavla,Wharmby,pwharmby4q@google.it,Female
172,Flore,Growy,fgrowy4r@alexa.com,Female
173,Sam,Gendricke,sgendricke4s@barnesandnoble.com,Female
174,Guntar,Noto,gnoto4t@shutterfly.com,Agender
175,Helge,Bagshaw,hbagshaw4u@arstechnica.com,Female
176,Glen,Wotherspoon,gwotherspoon4v@infoseek.co.jp,Male
177,Moina,Botte,mbotte4w@timesonline.co.uk,Bigender
178,Aldrich,Middlewick,amiddlewick4x@techcrunch.com,Male
179,Tobe,Milius,tmilius4y@nature.com,Female
180,Arty,Kubicek,akubicek4z@blogspot.com,Male
181,Tedd,Moulsdall,tmoulsdall50@lulu.com,Male
182,Ginnie,Upsale,gupsale51@amazon.com,Female
183,Ronald,Minchenton,rminchenton52@statcounter.com,Male
184,Syman,Musprat,smusprat53@vistaprint.com,Male
185,Roarke,Gertz,rgertz54@jiathis.com,Male
186,Rafaelita,Slater,rslater55@kickstarter.com,Female
187,Neely,Rubinek,nrubinek56@globo.com,Female
188,Wilfrid,Mosey,wmosey57@un.org,Male
189,Sonny,Bolzen,sbolzen58@va.gov,Male
190,Hewie,Ferrar,hferrar59@reverbnation.com,Male
191,Jolee,Duiguid,jduiguid5a@vinaora.com,Female
192,Son,Quincey,squincey5b@creativecommons.org,Male
193,Shirleen,Maddison,smaddison5c@reference.com,Female
194,Tanya,Rubinsky,trubinsky5d@ed.gov,Female
195,Derrek,Dicky,ddicky5e@technorati.com,Male
196,Woody,Gildroy,wgildroy5f@ebay.co.uk,Male
197,Eleonore,Tregona,etregona5g@apache.org,Female
198,Dotty,Brewins,dbrewins5h@shinystat.com,Female
199,Mitzi,Riddiough,mriddiough5i@ameblo.jp,Female
200,Stafani,Stare,sstare5j@usatoday.com,Agender
201,Adriaens,Awde,aawde5k@vinaora.com,Female
202,Jillayne,Duddy,jduddy5l@jigsy.com,Female
203,Derick,Joppich,djoppich5m@bloomberg.com,Male
204,Dewey,Ferrierio,dferrierio5n@t-online.de,Male
205,Berni,Demoge,bdemoge5o@oracle.com,Female
206,Rosetta,Brinsford,rbrinsford5p@baidu.com,Female
207,Saxon,Bradbrook,sbradbrook5q@sakura.ne.jp,Male
208,Barty,Alebrooke,balebrooke5r@usgs.gov,Male
209,Ethelred,Witton,ewitton5s@patch.com,Male
210,Giorgio,Goodwins,ggoodwins5t@eventbrite.com,Male
211,Virgina,Lorain,vlorain5u@google.co.uk,Female
212,Vivianna,Stoate,vstoate5v@admin.ch,Female
213,Melodee,Donnan,mdonnan5w@tinypic.com,Agender
214,Lynette,Dinsell,ldinsell5x@youku.com,Female
215,Norina,Hammor,nhammor5y@tumblr.com,Female
216,Taddeo,Choak,tchoak5z@etsy.com,Male
217,Kelli,Ingyon,kingyon60@jalbum.net,Bigender
218,Ozzie,Shevill,oshevill61@gov.uk,Male
219,Ilario,Costin,icostin62@soup.io,Male
220,Aldis,McAtamney,amcatamney63@symantec.com,Male
221,Sharyl,Petrollo,spetrollo64@theguardian.com,Female
222,Martie,McQuaker,mmcquaker65@yandex.ru,Male
223,Kristofer,O' Borne,koborne66@sohu.com,Male
224,Brock,McMichael,bmcmichael67@sakura.ne.jp,Male
225,Dolph,Letford,dletford68@utexas.edu,Male
226,Binnie,Walcar,bwalcar69@slate.com,Female
227,Caz,Wyles,cwyles6a@europa.eu,Genderfluid
228,Sheffie,Moyer,smoyer6b@narod.ru,Male
229,Sascha,Harbidge,sharbidge6c@sourceforge.net,Bigender
230,Otho,Banane,obanane6d@vinaora.com,Male
231,Mozes,Merrell,mmerrell6e@csmonitor.com,Male
232,Nikita,Floch,nfloch6f@mozilla.org,Non-binary
233,Mikaela,Thake,mthake6g@blog.com,Female
234,Camilla,Campion,ccampion6h@woothemes.com,Female
235,Caterina,Ball,cball6i@etsy.com,Female
236,Peggy,Ledgeway,pledgeway6j@usatoday.com,Female
237,Ram,Dunnan,rdunnan6k@simplemachines.org,Male
238,Cassandre,Maidens,cmaidens6l@reverbnation.com,Female
239,Aurilia,Byllam,abyllam6m@shareasale.com,Female
240,Lawrence,Gresswood,lgresswood6n@yellowbook.com,Male
241,Huntington,Ballendine,hballendine6o@tripod.com,Male
242,Raynard,Wing,rwing6p@weather.com,Male
243,Larine,Langton,llangton6q@ovh.net,Female
244,Melba,Lasselle,mlasselle6r@bizjournals.com,Female
245,Therese,Carnall,tcarnall6s@amazon.com,Female
246,Griselda,Lohan,glohan6t@shareasale.com,Female
247,Idell,Sifleet,isifleet6u@cocolog-nifty.com,Bigender
248,Giustina,Bartell,gbartell6v@quantcast.com,Female
249,Delano,Thick,dthick6w@typepad.com,Male
250,Ingar,Tidcombe,itidcombe6x@surveymonkey.com,Male
251,Norean,Shew,nshew6y@fda.gov,Genderqueer
252,Derwin,Blancowe,dblancowe6z@lycos.com,Male
253,Gwendolen,Dootson,gdootson70@tamu.edu,Female
254,Terry,Diggar,tdiggar71@multiply.com,Male
255,Tod,McMurrugh,tmcmurrugh72@github.io,Male
256,Arnold,Hallows,ahallows73@reuters.com,Male
257,Rhodie,Mardling,rmardling74@aol.com,Female
258,Kaile,Ainscow,kainscow75@yolasite.com,Genderqueer
259,Roarke,Bridger,rbridger76@list-manage.com,Male
260,Timotheus,Banaszkiewicz,tbanaszkiewicz77@apache.org,Male
261,Karlis,Giles,kgiles78@phpbb.com,Male
262,Artemis,Oldford,aoldford79@de.vu,Male
263,Eziechiele,Gatehouse,egatehouse7a@bloglovin.com,Male
264,Marley,Skerrett,mskerrett7b@digg.com,Female
265,Marvin,Miall,mmiall7c@netvibes.com,Male
266,Des,Brattell,dbrattell7d@vk.com,Male
267,Neda,Churm,nchurm7e@meetup.com,Female
268,Rolf,Ballintyne,rballintyne7f@utexas.edu,Male
269,Chic,Skrzynski,cskrzynski7g@jimdo.com,Male
270,Adolf,Simoneau,asimoneau7h@phoca.cz,Male
271,Kristine,Keningley,kkeningley7i@ow.ly,Female
272,Martin,Ritchie,mritchie7j@engadget.com,Male
273,Coop,Escreet,cescreet7k@rediff.com,Male
274,Joaquin,Bold,jbold7l@kickstarter.com,Male
275,Faye,Menlove,fmenlove7m@businessinsider.com,Female
276,Rasia,Hutton,rhutton7n@eventbrite.com,Agender
277,Neal,Dilley,ndilley7o@prlog.org,Male
278,Ethelred,Carlino,ecarlino7p@freewebs.com,Male
279,Karole,Allot,kallot7q@bigcartel.com,Female
280,Kin,Masden,kmasden7r@flavors.me,Male
281,Glory,Frampton,gframpton7s@feedburner.com,Female
282,Wynn,Hinrichsen,whinrichsen7t@reuters.com,Male
283,Lauraine,Jeffs,ljeffs7u@barnesandnoble.com,Female
284,Clevey,de Banke,cdebanke7v@yelp.com,Male
285,Vikki,Rany,vrany7w@cargocollective.com,Female
286,Vasili,Bothams,vbothams7x@qq.com,Male
287,Jerry,Joice,jjoice7y@mapquest.com,Female
288,Candie,Culbard,cculbard7z@marketwatch.com,Female
289,Shari,Chong,schong80@paginegialle.it,Female
290,Kingsly,Strettle,kstrettle81@dion.ne.jp,Male
291,Erich,Gudgen,egudgen82@dell.com,Male
292,Neala,Whillock,nwhillock83@hc360.com,Bigender
293,Jacquelin,Henrichs,jhenrichs84@surveymonkey.com,Female
294,Eben,Savery,esavery85@yelp.com,Male
295,Amaleta,Roderighi,aroderighi86@boston.com,Genderfluid
296,Bartholomeus,McEntegart,bmcentegart87@ft.com,Genderfluid
297,Bernarr,Kirtley,bkirtley88@istockphoto.com,Male
298,Erroll,Gever,egever89@mediafire.com,Male
299,Alanah,Ost,aost8a@sciencedirect.com,Female
300,Marilee,Wonfar,mwonfar8b@hud.gov,Female
301,Vallie,d'Arcy,vdarcy8c@tinyurl.com,Female
302,Gelya,Skehan,gskehan8d@yelp.com,Female
303,Camey,Peirson,cpeirson8e@tinypic.com,Male
304,Rodie,Ashbe,rashbe8f@hud.gov,Female
305,Lindon,Bickerstaffe,lbickerstaffe8g@bravesites.com,Male
306,Morten,Rodie,mrodie8h@spotify.com,Agender
307,Siegfried,Bovey,sbovey8i@virginia.edu,Male
308,Aindrea,Seivertsen,aseivertsen8j@naver.com,Female
309,Westbrooke,Pfiffer,wpfiffer8k@ning.com,Genderfluid
310,Nickie,de Keyser,ndekeyser8l@patch.com,Non-binary
311,Claudelle,Assard,cassard8m@cdc.gov,Female
312,Katti,Balogh,kbalogh8n@businessinsider.com,Female
313,Hadleigh,Maypowder,hmaypowder8o@wikipedia.org,Male
314,Hali,Tilt,htilt8p@prnewswire.com,Female
315,Ted,Cabera,tcabera8q@cdbaby.com,Polygender
316,Thor,Ferandez,tferandez8r@paginegialle.it,Non-binary
317,Kurtis,Cristea,kcristea8s@miibeian.gov.cn,Male
318,Aube,Mallalieu,amallalieu8t@soup.io,Male
319,Ronald,Palomba,rpalomba8u@blogtalkradio.com,Male
320,Eliza,Vardy,evardy8v@wikipedia.org,Female
321,Consalve,Scedall,cscedall8w@t.co,Male
322,Chad,McPhillimey,cmcphillimey8x@jimdo.com,Female
323,Gilles,Wilsher,gwilsher8y@google.ru,Male
324,Diana,Waywell,dwaywell8z@mit.edu,Female
325,Jo,Sugars,jsugars90@domainmarket.com,Male
326,Holly,Hazelgreave,hhazelgreave91@hao123.com,Male
327,Tildie,Pentycost,tpentycost92@github.com,Female
328,Edi,Dowber,edowber93@geocities.com,Non-binary
329,Marcela,Leeke,mleeke94@nationalgeographic.com,Female
330,Dill,Chadderton,dchadderton95@chicagotribune.com,Male
331,Chadd,Whether,cwhether96@buzzfeed.com,Male
332,Tailor,Lieber,tlieber97@multiply.com,Male
333,Lucita,MacFadyen,lmacfadyen98@un.org,Female
334,Zonnya,Pancoast,zpancoast99@apache.org,Female
335,Gibb,Shortt,gshortt9a@pagesperso-orange.fr,Male
336,Sybil,Hurleston,shurleston9b@hostgator.com,Female
337,Alasdair,Goodier,agoodier9c@google.it,Male
338,Ivor,Croxon,icroxon9d@histats.com,Male
339,Filmer,Whimp,fwhimp9e@taobao.com,Male
340,Roana,Bennitt,rbennitt9f@simplemachines.org,Female
341,Rheta,Caldero,rcaldero9g@zdnet.com,Female
342,Jen,Spilisy,jspilisy9h@ucoz.ru,Female
343,Meredeth,Reeds,mreeds9i@so-net.ne.jp,Male
344,Fran,Tytherton,ftytherton9j@pagesperso-orange.fr,Agender
345,Brockie,Oakland,boakland9k@biblegateway.com,Male
346,Bea,Gonnin,bgonnin9l@theglobeandmail.com,Female
347,Haslett,Varker,hvarker9m@ocn.ne.jp,Male
348,Olivia,Eitter,oeitter9n@youtu.be,Female
349,Trude,Davidovici,tdavidovici9o@geocities.com,Female
350,Baudoin,Squibb,bsquibb9p@blogspot.com,Male
351,Terence,Dudgeon,tdudgeon9q@indiatimes.com,Male
352,Adriano,Richfield,arichfield9r@ycombinator.com,Male
353,Donia,Standring,dstandring9s@privacy.gov.au,Female
354,Nola,Jeremaes,njeremaes9t@ft.com,Female
355,Hailee,Leele,hleele9u@uiuc.edu,Female
356,Simeon,Pitney,spitney9v@typepad.com,Male
357,Zorana,Badwick,zbadwick9w@apache.org,Female
358,Berny,Juliff,bjuliff9x@cnn.com,Male
359,Merrilee,Switsur,mswitsur9y@stanford.edu,Female
360,Talya,Videan,tvidean9z@ed.gov,Female
361,Conant,Cafferky,ccafferkya0@dyndns.org,Male
362,Susan,Licas,slicasa1@google.cn,Bigender
363,Adah,Sandison,asandisona2@businesswire.com,Female
364,Rickard,Gwioneth,rgwionetha3@telegraph.co.uk,Male
365,Ira,Pengelly,ipengellya4@vistaprint.com,Male
366,Graeme,Casine,gcasinea5@list-manage.com,Male
367,Ann,Clifforth,acliffortha6@woothemes.com,Female
368,Cayla,Dolling,cdollinga7@jiathis.com,Genderfluid
369,Etty,De Laci,edelacia8@ning.com,Female
370,Ansel,Dabes,adabesa9@gravatar.com,Male
371,Cecilia,Barts,cbartsaa@columbia.edu,Female
372,Seline,Demead,sdemeadab@bloomberg.com,Female
373,Cammy,Crake,ccrakeac@spiegel.de,Male
374,Aurea,Ziemsen,aziemsenad@fc2.com,Female
375,Simone,Holdall,sholdallae@archive.org,Male
376,Waly,Gummory,wgummoryaf@go.com,Non-binary
377,Ilaire,Piff,ipiffag@about.com,Male
378,Dolores,Korneichuk,dkorneichukah@bravesites.com,Female
379,Cornall,Iggalden,ciggaldenai@mit.edu,Male
380,Kiri,Rizzi,krizziaj@arstechnica.com,Female
381,Lorita,Eccersley,leccersleyak@psu.edu,Polygender
382,Isidoro,Wolfendale,iwolfendaleal@furl.net,Male
383,Sallie,Attiwill,sattiwillam@ucoz.com,Female
384,Gibbie,Streeton,gstreetonan@sakura.ne.jp,Male
385,Giraldo,Klimowicz,gklimowiczao@usatoday.com,Male
386,Tito,Thornley,tthornleyap@themeforest.net,Male
387,Madlin,Galle,mgalleaq@wikispaces.com,Female
388,Calhoun,Kielty,ckieltyar@meetup.com,Male
389,Claudius,Batrip,cbatripas@nih.gov,Male
390,Mylo,Clurow,mclurowat@sfgate.com,Male
391,Jeni,Feldmesser,jfeldmesserau@sakura.ne.jp,Female
392,Dasha,Dutteridge,ddutteridgeav@sitemeter.com,Female
393,Karia,Froome,kfroomeaw@1688.com,Female
394,Major,Tagg,mtaggax@lycos.com,Male
395,Lorena,Verdy,lverdyay@sciencedaily.com,Female
396,Kerry,Fitchett,kfitchettaz@msu.edu,Male
397,Lizzy,Dalgarnowch,ldalgarnowchb0@yahoo.com,Female
398,Thia,Nuccitelli,tnuccitellib1@blogtalkradio.com,Female
399,Tyrus,Riccio,tricciob2@posterous.com,Male
400,Nerte,Jarrett,njarrettb3@google.ru,Female
401,Bradford,Bramwell,bbramwellb4@w3.org,Male
402,Tommi,Harber,tharberb5@intel.com,Female
403,Darrelle,Rideout,drideoutb6@unicef.org,Female
404,Garrott,Carvilla,gcarvillab7@sbwire.com,Male
405,Sylas,Bednall,sbednallb8@stumbleupon.com,Male
406,Emlynne,Vivian,evivianb9@amazon.de,Agender
407,Chen,Foldes,cfoldesba@xing.com,Male
408,Newton,Chedgey,nchedgeybb@omniture.com,Male
409,Gordy,Jaffra,gjaffrabc@icq.com,Male
410,Willy,Taber,wtaberbd@newsvine.com,Male
411,Muffin,Life,mlifebe@irs.gov,Polygender
412,Jeffrey,Willmore,jwillmorebf@nbcnews.com,Male
413,Nonah,McIlhatton,nmcilhattonbg@dagondesign.com,Female
414,Justin,Worpole,jworpolebh@apache.org,Male
415,Jobie,Montacute,jmontacutebi@nps.gov,Female
416,Suellen,Heathcote,sheathcotebj@goo.ne.jp,Female
417,Ailey,Elwill,aelwillbk@tripadvisor.com,Female
418,Alyss,Rollinson,arollinsonbl@webnode.com,Female
419,Giuseppe,Longcaster,glongcasterbm@slate.com,Male
420,Alissa,Reams,areamsbn@npr.org,Female
421,Joe,Allsopp,jallsoppbo@independent.co.uk,Male
422,Tiffie,Glyn,tglynbp@unc.edu,Female
423,Sylvan,Casoni,scasonibq@zdnet.com,Male
424,Fleur,Reedick,freedickbr@elegantthemes.com,Female
425,Clyve,Bricket,cbricketbs@aol.com,Male
426,Etta,Velte,eveltebt@foxnews.com,Female
427,Giacomo,Hibling,ghiblingbu@acquirethisname.com,Male
428,Jorrie,Crutch,jcrutchbv@themeforest.net,Female
429,Salmon,Kitchinham,skitchinhambw@shinystat.com,Male
430,Benedict,Buy,bbuybx@go.com,Genderqueer
431,Shellysheldon,Paulat,spaulatby@edublogs.org,Male
432,Blinny,McKnockiter,bmcknockiterbz@typepad.com,Female
433,Ulick,Papaccio,upapaccioc0@twitter.com,Male
434,Rachel,Hoble,rhoblec1@histats.com,Female
435,Estele,Faireclough,efairecloughc2@vk.com,Female
436,Nonnah,Hatchard,nhatchardc3@livejournal.com,Female
437,Morie,Yesinin,myesininc4@exblog.jp,Male
438,Rob,Nuth,rnuthc5@aboutads.info,Male
439,Nye,Tant,ntantc6@pinterest.com,Male
440,Theda,Nuton,tnutonc7@163.com,Polygender
441,Kenyon,Dietsche,kdietschec8@uiuc.edu,Male
442,Vivi,Heal,vhealc9@apple.com,Female
443,Olivette,Walkling,owalklingca@irs.gov,Female
444,Clemente,Boichat,cboichatcb@elegantthemes.com,Male
445,Dyna,Weavers,dweaverscc@wiley.com,Female
446,Noell,Swanbourne,nswanbournecd@reddit.com,Agender
447,Davidde,Tineman,dtinemance@craigslist.org,Male
448,Filmer,Fidler,ffidlercf@wired.com,Male
449,Bondon,Cuddehay,bcuddehaycg@discovery.com,Male
450,Ruth,O' Ronan,roronanch@desdev.cn,Female
451,Lela,Skitterel,lskitterelci@disqus.com,Female
452,Vasili,Grevel,vgrevelcj@mediafire.com,Male
453,Mira,Lindermann,mlindermannck@mtv.com,Female
454,Halsy,Fader,hfadercl@nationalgeographic.com,Male
455,Nikolas,Yushmanov,nyushmanovcm@soundcloud.com,Male
456,Malvina,Hoyer,mhoyercn@prnewswire.com,Female
457,Pyotr,Boulton,pboultonco@wunderground.com,Male
458,Paquito,Read,preadcp@senate.gov,Male
459,Irvine,Losemann,ilosemanncq@arstechnica.com,Male
460,Walden,L'Homme,wlhommecr@opera.com,Polygender
461,Maris,Morsey,mmorseycs@umich.edu,Female
462,Tammy,Neale,tnealect@nytimes.com,Non-binary
463,Lucy,Russen,lrussencu@wunderground.com,Female
464,Ham,Bootell,hbootellcv@yahoo.co.jp,Male
465,Sylvan,MacMearty,smacmeartycw@merriam-webster.com,Male
466,Ced,Pikesley,cpikesleycx@goo.ne.jp,Male
467,Vivien,Ungerecht,vungerechtcy@over-blog.com,Female
468,Leoine,McBay,lmcbaycz@ebay.co.uk,Female
469,Nicky,Farnell,nfarnelld0@bigcartel.com,Female
470,Raine,Crowdace,rcrowdaced1@virginia.edu,Female
471,Shea,Davage,sdavaged2@wufoo.com,Male
472,Broddie,Jobke,bjobked3@si.edu,Male
473,Easter,Barnet,ebarnetd4@ed.gov,Female
474,Pearl,Saffran,psaffrand5@list-manage.com,Female
475,Lucila,Brann,lbrannd6@yolasite.com,Female
476,Vittorio,McManamon,vmcmanamond7@hostgator.com,Male
477,Agata,Stainsby,astainsbyd8@jimdo.com,Female
478,Walsh,Tsar,wtsard9@cornell.edu,Male
479,Dulciana,Wardhough,dwardhoughda@eventbrite.com,Female
480,Jessika,Lancley,jlancleydb@psu.edu,Female
481,Graig,Prince,gprincedc@webs.com,Male
482,Nannie,Pohl,npohldd@washingtonpost.com,Female
483,Worden,Burdis,wburdisde@nifty.com,Male
484,Livia,Kornel,lkorneldf@mac.com,Female
485,Yevette,Simonini,ysimoninidg@exblog.jp,Female
486,Cesare,Christiensen,cchristiensendh@cargocollective.com,Male
487,Sanderson,Kytter,skytterdi@wp.com,Male
488,Lamont,Bolding,lboldingdj@dropbox.com,Male
489,Tessi,Duesbury,tduesburydk@spiegel.de,Female
490,Red,Mully,rmullydl@phpbb.com,Male
491,Filip,Boecke,fboeckedm@marriott.com,Male
492,Lyn,Bortol,lbortoldn@virginia.edu,Female
493,Terencio,Beverstock,tbeverstockdo@a8.net,Male
494,Spense,Joskowicz,sjoskowiczdp@g.co,Male
495,Sharai,Sansbury,ssansburydq@tuttocitta.it,Female
496,Jacquelyn,Alkin,jalkindr@arstechnica.com,Female
497,Laney,Popple,lpoppleds@istockphoto.com,Male
498,Dian,Malcolmson,dmalcolmsondt@liveinternet.ru,Female
499,Karel,Diack,kdiackdu@jiathis.com,Male
500,Peyton,Burbidge,pburbidgedv@forbes.com,Male
501,Editha,Mundie,emundiedw@berkeley.edu,Female
502,Derk,Thewless,dthewlessdx@netlog.com,Male
503,Eugenia,Bridson,ebridsondy@time.com,Female
504,Amye,O'Kelly,aokellydz@theguardian.com,Genderqueer
505,Brigid,Elles,bellese0@aboutads.info,Female
506,Chicky,Wankel,cwankele1@mozilla.com,Female
507,Augie,Pyffe,apyffee2@google.com.hk,Male
508,Quintin,Trencher,qtrenchere3@usda.gov,Male
509,Annette,Pitrasso,apitrassoe4@unicef.org,Female
510,Hettie,Golborne,hgolbornee5@deliciousdays.com,Female
511,Skyler,Titman,stitmane6@linkedin.com,Male
512,Cory,Wimlet,cwimlete7@domainmarket.com,Male
513,Carola,Lorraway,clorrawaye8@mit.edu,Female
514,Jojo,Djorvic,jdjorvice9@wordpress.com,Female
515,Rebe,Schimmang,rschimmangea@cdbaby.com,Female
516,Khalil,Turner,kturnereb@com.com,Male
517,Ancell,Moules,amoulesec@nhs.uk,Male
518,Meredith,Sheringham,msheringhamed@sciencedaily.com,Male
519,Rowena,Illyes,rillyesee@netlog.com,Female
520,Aldis,McGinnis,amcginnisef@bravesites.com,Male
521,Kaitlyn,Teasdale,kteasdaleeg@apple.com,Female
522,Jamie,Huggen,jhuggeneh@facebook.com,Female
523,Alick,Castello,acastelloei@baidu.com,Male
524,Audi,Cullen,acullenej@symantec.com,Female
525,Dewain,Orpin,dorpinek@techcrunch.com,Male
526,Yoshi,Whitbread,ywhitbreadel@icq.com,Female
527,Crosby,Rooson,croosonem@blogs.com,Male
528,Joline,Darnell,jdarnellen@yahoo.com,Female
529,Beverie,Fishlee,bfishleeeo@si.edu,Female
530,Shae,DeSousa,sdesousaep@google.cn,Male
531,Merrill,Dine-Hart,mdineharteq@upenn.edu,Male
532,Vaughan,Trees,vtreeser@google.cn,Male
533,Babara,Ramelet,brameletes@admin.ch,Female
534,Gaye,Chastan,gchastanet@surveymonkey.com,Female
535,Murvyn,Sabater,msabatereu@chronoengine.com,Male
536,Pete,Baggallay,pbaggallayev@craigslist.org,Male
537,Netta,Banbrick,nbanbrickew@fema.gov,Genderqueer
538,Dunstan,Normadell,dnormadellex@jimdo.com,Non-binary
539,Norris,Mixter,nmixterey@odnoklassniki.ru,Male
540,Glenn,Chree,gchreeez@networksolutions.com,Male
541,Madelle,Orme,mormef0@bloglovin.com,Female
542,Josias,Learned,jlearnedf1@dmoz.org,Male
543,Ashlen,Klewer,aklewerf2@dailymail.co.uk,Polygender
544,Rosanne,Sergean,rsergeanf3@msn.com,Female
545,Kakalina,Boase,kboasef4@vk.com,Female
546,Sianna,Kleyn,skleynf5@tamu.edu,Female
547,Florri,Gowans,fgowansf6@marriott.com,Genderqueer
548,Gigi,Wark,gwarkf7@cmu.edu,Female
549,Malorie,Yandle,myandlef8@xrea.com,Female
550,Van,Beecker,vbeeckerf9@zdnet.com,Male
551,Eve,Galler,egallerfa@mayoclinic.com,Female
552,Dennie,Rubee,drubeefb@ucsd.edu,Female
553,Georgena,Hancke,ghanckefc@ted.com,Female
554,Tobin,Behn,tbehnfd@chicagotribune.com,Male
555,Nicky,Sharpley,nsharpleyfe@sina.com.cn,Male
556,Candide,Ramsier,cramsierff@techcrunch.com,Polygender
557,Cheslie,Steggals,csteggalsfg@samsung.com,Genderfluid
558,Belicia,Abbatucci,babbatuccifh@guardian.co.uk,Female
559,Vernon,Pybus,vpybusfi@nsw.gov.au,Male
560,Kyle,Margeram,kmargeramfj@sphinn.com,Male
561,Dudley,Divell,ddivellfk@ted.com,Male
562,Bobbi,Milner,bmilnerfl@purevolume.com,Non-binary
563,Skyler,Stoppard,sstoppardfm@hao123.com,Male
564,Bree,Eaglesham,beagleshamfn@etsy.com,Female
565,Zebulen,Woods,zwoodsfo@buzzfeed.com,Genderfluid
566,Roda,Levis,rlevisfp@va.gov,Female
567,Jackelyn,Oxborough,joxboroughfq@spotify.com,Bigender
568,Adolphus,Niblett,aniblettfr@comcast.net,Male
569,Hamil,Whittier,hwhittierfs@issuu.com,Male
570,Liz,Ayllett,layllettft@amazon.co.jp,Female
571,Pammie,Cohr,pcohrfu@bizjournals.com,Female
572,Eliot,Gonoude,egonoudefv@archive.org,Male
573,Robbi,Petri,rpetrifw@abc.net.au,Female
574,Reynard,Gavaghan,rgavaghanfx@unblog.fr,Bigender
575,Tonya,Cutten,tcuttenfy@acquirethisname.com,Female
576,Lucky,Scedall,lscedallfz@technorati.com,Female
577,Amabel,Tudhope,atudhopeg0@examiner.com,Polygender
578,Egbert,Piddington,epiddingtong1@army.mil,Male
579,Myles,Hawkridge,mhawkridgeg2@yelp.com,Male
580,Kalvin,Squibe,ksquibeg3@sohu.com,Male
581,Christoffer,Crickmer,ccrickmerg4@ycombinator.com,Genderfluid
582,Tammie,Franklin,tfrankling5@bloglines.com,Female
583,Teirtza,Simoneschi,tsimoneschig6@apache.org,Female
584,Ivonne,Evins,ievinsg7@vkontakte.ru,Female
585,Teddie,Canceller,tcancellerg8@google.pl,Male
586,Rainer,Hencke,rhenckeg9@hatena.ne.jp,Male
587,Andreas,Carlin,acarlinga@blogspot.com,Male
588,Anthony,Whitebrook,awhitebrookgb@harvard.edu,Male
589,Bobinette,Appleyard,bappleyardgc@bing.com,Female
590,Holly,Dullingham,hdullinghamgd@mtv.com,Male
591,Oneida,Elies,oeliesge@dot.gov,Female
592,Keir,Fancy,kfancygf@eepurl.com,Male
593,Julietta,Van Baaren,jvanbaarengg@blogspot.com,Agender
594,Kiah,Tamblingson,ktamblingsongh@eventbrite.com,Female
595,Piggy,Veart,pveartgi@newsvine.com,Male
596,Lanae,Simkins,lsimkinsgj@google.es,Female
597,Brennen,Reckless,brecklessgk@amazon.co.jp,Male
598,Johnnie,Haddon,jhaddongl@amazonaws.com,Male
599,Trista,Baylis,tbaylisgm@liveinternet.ru,Female
600,Grannie,Westwell,gwestwellgn@privacy.gov.au,Male
601,Melicent,Willbourne,mwillbournego@cnn.com,Female
602,Ray,Feldmann,rfeldmanngp@pcworld.com,Male
603,Gabby,Bourthouloume,gbourthouloumegq@pbs.org,Male
604,Brennan,Nucci,bnuccigr@yahoo.co.jp,Polygender
605,Jefferey,Carlone,jcarlonegs@linkedin.com,Male
606,Daniel,Stait,dstaitgt@narod.ru,Male
607,Byram,Dunabie,bdunabiegu@so-net.ne.jp,Male
608,Yorke,Mirrlees,ymirrleesgv@buzzfeed.com,Male
609,Teodoor,Tomczykowski,ttomczykowskigw@quantcast.com,Male
610,Giselle,Patesel,gpateselgx@vk.com,Female
611,Clemmy,Copping,ccoppinggy@lulu.com,Male
612,Curry,Kimmitt,ckimmittgz@dedecms.com,Male
613,Nance,Sibthorpe,nsibthorpeh0@themeforest.net,Female
614,Ilyse,Linner,ilinnerh1@newsvine.com,Agender
615,Walker,Cowtherd,wcowtherdh2@cafepress.com,Male
616,Marika,Varley,mvarleyh3@archive.org,Female
617,Dani,McAllen,dmcallenh4@marketwatch.com,Female
618,Bink,Ewence,bewenceh5@uol.com.br,Male
619,Richart,Bettaney,rbettaneyh6@accuweather.com,Agender
620,Morty,Choake,mchoakeh7@bloglines.com,Male
621,Corliss,Bothe,cbotheh8@wp.com,Female
622,Jessalin,Ingleby,jinglebyh9@123-reg.co.uk,Female
623,Dian,Housby,dhousbyha@feedburner.com,Female
624,Itch,Caile,icailehb@businessweek.com,Male
625,Mela,Vouls,mvoulshc@google.cn,Female
626,Sherlocke,Kolakovic,skolakovichd@desdev.cn,Male
627,Christie,Rowcastle,crowcastlehe@stanford.edu,Male
628,Carilyn,Kibbe,ckibbehf@sfgate.com,Female
629,Suzie,Elloy,selloyhg@vistaprint.com,Female
630,Simone,Redan,sredanhh@loc.gov,Female
631,Clywd,Chestnut,cchestnuthi@ucla.edu,Male
632,Wade,Durnin,wdurninhj@mac.com,Male
633,Doralia,Hew,dhewhk@rakuten.co.jp,Female
634,Octavia,McDougle,omcdouglehl@yolasite.com,Female
635,Priscella,Belt,pbelthm@scientificamerican.com,Female
636,Kareem,Paal,kpaalhn@livejournal.com,Male
637,Corena,Liffe,cliffeho@surveymonkey.com,Female
638,Clair,Klagge,cklaggehp@lulu.com,Male
639,Jermaine,Pariss,jparisshq@omniture.com,Female
640,Damaris,Dorian,ddorianhr@shutterfly.com,Female
641,Aldin,Kindell,akindellhs@chronoengine.com,Male
642,Libbi,Waddy,lwaddyht@soundcloud.com,Female
643,Bartolemo,Bayford,bbayfordhu@oracle.com,Male
644,Selby,Bloggett,sbloggetthv@nih.gov,Male
645,Efren,Rowatt,erowatthw@blogger.com,Male
646,Janet,Ferronier,jferronierhx@goo.gl,Female
647,Eloisa,Musselwhite,emusselwhitehy@cyberchimps.com,Female
648,Arielle,Kleinstern,akleinsternhz@photobucket.com,Female
649,Quint,Halward,qhalwardi0@cmu.edu,Male
650,Kimberly,Bettlestone,kbettlestonei1@icq.com,Female
651,Augustus,Berrygun,aberryguni2@ucoz.com,Male
652,Lauren,Pringer,lpringeri3@stumbleupon.com,Female
653,Tybi,Jenman,tjenmani4@vk.com,Female
654,Benyamin,Gerding,bgerdingi5@archive.org,Male
655,Julietta,Clowton,jclowtoni6@wikimedia.org,Female
656,Cosme,Swallow,cswallowi7@rambler.ru,Male
657,Dulcie,Iacopini,diacopinii8@behance.net,Female
658,Maren,Francom,mfrancomi9@timesonline.co.uk,Female
659,Corie,Mieville,cmievilleia@xinhuanet.com,Female
660,Dar,Grimsdell,dgrimsdellib@kickstarter.com,Male
661,Reuven,Stovell,rstovellic@list-manage.com,Male
662,Cherye,Bowlesworth,cbowlesworthid@spotify.com,Female
663,Billie,Nulty,bnultyie@blogger.com,Female
664,Angelica,Shackelton,ashackeltonif@bbc.co.uk,Female
665,Conchita,Masic,cmasicig@phoca.cz,Female
666,Charlie,Alner,calnerih@census.gov,Male
667,Valentin,Ashwell,vashwellii@oracle.com,Male
668,Rosemonde,Iannuzzelli,riannuzzelliij@blogger.com,Female
669,Estele,Fendlow,efendlowik@usgs.gov,Female
670,Fredek,Stannis,fstannisil@paginegialle.it,Male
671,Kaitlyn,Standering,kstanderingim@vinaora.com,Female
672,Nikaniki,Brazel,nbrazelin@lulu.com,Female
673,Tanya,Southerden,tsoutherdenio@baidu.com,Female
674,Willey,Ishchenko,wishchenkoip@npr.org,Agender
675,Timoteo,Iron,tironiq@theatlantic.com,Male
676,Noami,Buttler,nbuttlerir@google.cn,Female
677,Kerwinn,Chalkly,kchalklyis@a8.net,Male
678,Ellsworth,MacDiarmid,emacdiarmidit@photobucket.com,Male
679,Nikolos,Connolly,nconnollyiu@addthis.com,Male
680,Bron,Dahlgren,bdahlgreniv@si.edu,Male
681,Langston,Alywen,lalyweniw@rambler.ru,Male
682,Vlad,Stokes,vstokesix@bloomberg.com,Male
683,Ulysses,Poker,upokeriy@irs.gov,Male
684,Isidore,Durnall,idurnalliz@constantcontact.com,Male
685,Ibby,Myerscough,imyerscoughj0@google.com.br,Female
686,Thor,Axcel,taxcelj1@reddit.com,Male
687,Arline,Thews,athewsj2@unc.edu,Female
688,Reeva,Born,rbornj3@1688.com,Female
689,Baillie,Iacabucci,biacabuccij4@sciencedirect.com,Male
690,Kimberley,Stronghill,kstronghillj5@diigo.com,Female
691,Viviana,Tait,vtaitj6@elegantthemes.com,Female
692,Pet,Alvey,palveyj7@reference.com,Female
693,Clint,Leeson,cleesonj8@ezinearticles.com,Male
694,Merrile,Krystek,mkrystekj9@fda.gov,Female
695,Lon,Kinnock,lkinnockja@cbc.ca,Male
696,Joellen,McIlhone,jmcilhonejb@nature.com,Female
697,Lynnea,Herreros,lherrerosjc@alexa.com,Female
698,Fremont,Kondrachenko,fkondrachenkojd@bandcamp.com,Male
699,Brook,Poltun,bpoltunje@deliciousdays.com,Male
700,Britney,Gerish,bgerishjf@buzzfeed.com,Agender
701,Elizabet,Wilderspoon,ewilderspoonjg@merriam-webster.com,Agender
702,Tybalt,Camplin,tcamplinjh@bizjournals.com,Male
703,Kendall,Bacchus,kbacchusji@disqus.com,Male
704,Susy,Walkden,swalkdenjj@umn.edu,Female
705,Borg,Cotman,bcotmanjk@tinyurl.com,Male
706,Lyndsey,Bryns,lbrynsjl@wsj.com,Female
707,Brok,Bearfoot,bbearfootjm@miitbeian.gov.cn,Male
708,Bruce,Tredwell,btredwelljn@moonfruit.com,Male
709,Margie,Rizzotto,mrizzottojo@theatlantic.com,Female
710,Auroora,Brownrigg,abrownriggjp@hugedomains.com,Female
711,Van,Dowthwaite,vdowthwaitejq@yolasite.com,Female
712,Dewain,Hollingsbee,dhollingsbeejr@cyberchimps.com,Male
713,Derward,Bresman,dbresmanjs@samsung.com,Male
714,Morgen,Eadington,meadingtonjt@friendfeed.com,Male
715,Jayson,Brittles,jbrittlesju@earthlink.net,Male
716,Jamima,Ortler,jortlerjv@dell.com,Female
717,Ulick,Prahl,uprahljw@arizona.edu,Genderqueer
718,Reidar,Lamacraft,rlamacraftjx@wiley.com,Male
719,Sibley,Borleace,sborleacejy@archive.org,Agender
720,Ryan,Shard,rshardjz@cnet.com,Male
721,Brendis,Gunson,bgunsonk0@1688.com,Male
722,Gordon,Fevier,gfevierk1@taobao.com,Agender
723,Gerri,Glisenan,gglisenank2@typepad.com,Female
724,Fidel,Truelove,ftruelovek3@shop-pro.jp,Male
725,Christoper,Spencook,cspencookk4@yahoo.co.jp,Male
726,Chic,Haddleston,chaddlestonk5@jimdo.com,Male
727,Vivien,Howson,vhowsonk6@slate.com,Female
728,Rosamond,Rany,rranyk7@macromedia.com,Female
729,Kennith,Keeton,kkeetonk8@tripod.com,Male
730,Dennet,Muller,dmullerk9@smh.com.au,Male
731,Christopher,Farfalameev,cfarfalameevka@imageshack.us,Genderfluid
732,Grannie,Meace,gmeacekb@ow.ly,Male
733,Lew,Gheorghe,lgheorghekc@wsj.com,Male
734,Sherie,Rousel,srouselkd@google.de,Female
735,Lemar,Swin,lswinke@pbs.org,Male
736,Tomasina,Martinon,tmartinonkf@nymag.com,Female
737,Brenna,Bignold,bbignoldkg@devhub.com,Female
738,Scotti,Deary,sdearykh@printfriendly.com,Male
739,Danila,Matussow,dmatussowki@un.org,Female
740,Pammi,Karlmann,pkarlmannkj@europa.eu,Female
741,Lila,Speeding,lspeedingkk@virginia.edu,Female
742,Devora,Pashbee,dpashbeekl@comsenz.com,Female
743,Sheilakathryn,Roads,sroadskm@illinois.edu,Female
744,Latrina,Farley,lfarleykn@vk.com,Female
745,Syman,Westphalen,swestphalenko@soup.io,Male
746,Ella,McCromley,emccromleykp@list-manage.com,Female
747,Cirilo,Gwyn,cgwynkq@theglobeandmail.com,Male
748,Jocko,De Domenico,jdedomenicokr@sina.com.cn,Male
749,Erhart,Bezants,ebezantsks@go.com,Male
750,Tandie,Bestwick,tbestwickkt@blog.com,Female
751,Elisha,Sollas,esollasku@gravatar.com,Female
752,Georgie,Astley,gastleykv@forbes.com,Female
753,Billi,Aurelius,baureliuskw@timesonline.co.uk,Female
754,Dora,Whapples,dwhappleskx@hatena.ne.jp,Female
755,Timmi,Tyrone,ttyroneky@flickr.com,Female
756,Timothee,Hayhoe,thayhoekz@liveinternet.ru,Male
757,Hercules,Izakov,hizakovl0@salon.com,Male
758,Marilyn,Weller,mwellerl1@ebay.co.uk,Female
759,Brennen,Conrath,bconrathl2@pinterest.com,Male
760,Malia,Le Monnier,mlemonnierl3@latimes.com,Female
761,Datha,Anscombe,danscombel4@bravesites.com,Female
762,Gayelord,Whelan,gwhelanl5@paypal.com,Male
763,Felice,Olphert,folphertl6@dion.ne.jp,Genderfluid
764,Andee,Surcomb,asurcombl7@java.com,Female
765,Karry,Lowdyane,klowdyanel8@qq.com,Female
766,Caryn,Bowerbank,cbowerbankl9@digg.com,Female
767,Charmaine,Ellett,cellettla@globo.com,Female
768,Gerhard,Merfin,gmerfinlb@xrea.com,Male
769,Jude,Emblen,jemblenlc@apache.org,Male
770,Papageno,Didball,pdidballld@canalblog.com,Male
771,Karrah,Yegorkin,kyegorkinle@slideshare.net,Female
772,Crystie,McDiarmid,cmcdiarmidlf@amazon.com,Female
773,Broderick,Wyatt,bwyattlg@gizmodo.com,Male
774,Olag,Mussetti,omussettilh@nps.gov,Male
775,Bettye,Liepins,bliepinsli@utexas.edu,Female
776,Cob,Zahor,czahorlj@usgs.gov,Male
777,Burtie,Kopje,bkopjelk@icq.com,Male
778,Yves,Goter,ygoterll@time.com,Male
779,Niko,Grelka,ngrelkalm@studiopress.com,Male
780,Rafael,Geldard,rgeldardln@digg.com,Male
781,Salvatore,Lawday,slawdaylo@4shared.com,Male
782,Martina,Roussell,mrousselllp@dion.ne.jp,Female
783,Ester,Rego,eregolq@people.com.cn,Female
784,Dianna,Morecombe,dmorecombelr@godaddy.com,Female
785,Georgeta,Corley,gcorleyls@privacy.gov.au,Female
786,Christoforo,De Paepe,cdepaepelt@dedecms.com,Male
787,Rockey,Wison,rwisonlu@netscape.com,Male
788,Dewain,Pead,dpeadlv@meetup.com,Male
789,Gothart,Eudall,geudalllw@chicagotribune.com,Non-binary
790,Wenona,Ferfulle,wferfullelx@aboutads.info,Female
791,Sue,Sambeck,ssambeckly@nih.gov,Female
792,Crystie,Delhanty,cdelhantylz@de.vu,Female
793,Salim,Branca,sbrancam0@creativecommons.org,Male
794,Othelia,Cathery,ocatherym1@alexa.com,Female
795,Gussie,Tallant,gtallantm2@mapy.cz,Female
796,Dorthy,Keepin,dkeepinm3@europa.eu,Female
797,Gabey,Dur,gdurm4@zimbio.com,Female
798,Klarrisa,Wolfer,kwolferm5@economist.com,Non-binary
799,Coraline,Antoniazzi,cantoniazzim6@seattletimes.com,Polygender
800,Molly,Criag,mcriagm7@mac.com,Female
801,Britt,Tarbert,btarbertm8@meetup.com,Female
802,Audrie,Maving,amavingm9@mediafire.com,Genderfluid
803,Jecho,Roskruge,jroskrugema@taobao.com,Male
804,Beth,Cockshut,bcockshutmb@upenn.edu,Female
805,Jenine,Rozycki,jrozyckimc@phoca.cz,Female
806,Guido,Bachelor,gbachelormd@wordpress.org,Male
807,Ty,Hanney,thanneyme@accuweather.com,Male
808,Curtice,Zisneros,czisnerosmf@webnode.com,Male
809,Geordie,Bartomeu,gbartomeumg@virginia.edu,Male
810,Jenelle,Colvin,jcolvinmh@si.edu,Female
811,Mel,Jerrans,mjerransmi@microsoft.com,Agender
812,Denna,Hursey,dhurseymj@java.com,Female
813,Dion,Bridgeman,dbridgemanmk@mayoclinic.com,Male
814,Ursulina,Galey,ugaleyml@is.gd,Female
815,Hasheem,Reynault,hreynaultmm@usgs.gov,Male
816,Abbe,Blow,ablowmn@ibm.com,Male
817,Saundra,Gurden,sgurdenmo@arstechnica.com,Female
818,Kent,Largent,klargentmp@mashable.com,Male
819,Silvia,Schwander,sschwandermq@miitbeian.gov.cn,Female
820,Robena,Giovannilli,rgiovannillimr@cyberchimps.com,Agender
821,Georgeanne,Twydell,gtwydellms@irs.gov,Female
822,Krisha,Burnard,kburnardmt@foxnews.com,Male
823,Catharina,Braisted,cbraistedmu@blogs.com,Female
824,Lotta,Rowell,lrowellmv@friendfeed.com,Female
825,Staford,Bizley,sbizleymw@nbcnews.com,Polygender
826,Sophey,Doogood,sdoogoodmx@youku.com,Female
827,Tobin,Tromans,ttromansmy@jimdo.com,Male
828,Delphinia,Cardoe,dcardoemz@woothemes.com,Female
829,Perri,Oxbrow,poxbrown0@mit.edu,Female
830,Hamilton,O'Henecan,hohenecann1@cnn.com,Male
831,Lincoln,Dibdale,ldibdalen2@seattletimes.com,Male
832,Maxwell,Housecroft,mhousecroftn3@icq.com,Male
833,Mohammed,Coulson,mcoulsonn4@merriam-webster.com,Male
834,Jarrad,Pygott,jpygottn5@mashable.com,Bigender
835,Menard,Hrishanok,mhrishanokn6@geocities.com,Male
836,Lissa,Starbeck,lstarbeckn7@dmoz.org,Genderqueer
837,Rad,Schwandermann,rschwandermannn8@blogtalkradio.com,Male
838,Orson,Newbery,onewberyn9@who.int,Male
839,Anatollo,Brookson,abrooksonna@odnoklassniki.ru,Male
840,Rand,Syred,rsyrednb@bloglovin.com,Male
841,Farica,Putland,fputlandnc@biglobe.ne.jp,Female
842,Laureen,Ege,legend@cpanel.net,Female
843,Pen,Blum,pblumne@timesonline.co.uk,Polygender
844,Gardner,Willden,gwilldennf@yelp.com,Male
845,Geoffrey,Rarity,grarityng@paypal.com,Male
846,Delaney,Fehners,dfehnersnh@taobao.com,Male
847,Dukie,Kermott,dkermottni@slashdot.org,Male
848,Archie,Covendon,acovendonnj@wired.com,Male
849,Pia,Goodlatt,pgoodlattnk@purevolume.com,Female
850,Reba,Dorward,rdorwardnl@sphinn.com,Polygender
851,Chase,Shilburne,cshilburnenm@unicef.org,Male
852,Griffie,Frenzel;,gfrenzelnn@over-blog.com,Male
853,Virge,Gaudin,vgaudinno@acquirethisname.com,Genderqueer
854,Palm,Sibbons,psibbonsnp@is.gd,Male
855,Timmi,Le land,tlelandnq@sphinn.com,Female
856,Bernadina,Cowley,bcowleynr@g.co,Female
857,Zaria,Dowtry,zdowtryns@mozilla.org,Female
858,Edward,Malden,emaldennt@craigslist.org,Male
859,Haily,Eim,heimnu@shareasale.com,Male
860,Lucita,Panks,lpanksnv@cargocollective.com,Female
861,Tasia,Bosenworth,tbosenworthnw@dropbox.com,Female
862,Darrelle,Keesman,dkeesmannx@noaa.gov,Female
863,Sylvester,Cowton,scowtonny@sciencedaily.com,Non-binary
864,Reinold,MacClure,rmacclurenz@de.vu,Male
865,Stanislas,Slowan,sslowano0@youku.com,Male
866,Mathian,Skule,mskuleo1@baidu.com,Male
867,Gusty,Smither,gsmithero2@bandcamp.com,Female
868,Giorgio,Tanser,gtansero3@opensource.org,Male
869,Faulkner,De Gogay,fdegogayo4@marriott.com,Non-binary
870,Sammy,Dantesia,sdantesiao5@wikipedia.org,Male
871,Clarice,McNish,cmcnisho6@cbslocal.com,Female
872,Perice,Bartleman,pbartlemano7@guardian.co.uk,Male
873,Colan,Aldine,caldineo8@addtoany.com,Male
874,Sonnnie,Jobb,sjobbo9@ehow.com,Female
875,Thornton,Slaten,tslatenoa@surveymonkey.com,Male
876,Andonis,Jersh,ajershob@goodreads.com,Male
877,Sylas,MacGlory,smacgloryoc@paypal.com,Male
878,Sara-ann,Dodd,sdoddod@dmoz.org,Female
879,Reed,Awde,rawdeoe@latimes.com,Male
880,Oralla,Sporle,osporleof@state.gov,Female
881,Katherina,Abrashkin,kabrashkinog@msu.edu,Female
882,Sidonnie,Trevance,strevanceoh@mit.edu,Female
883,Sergeant,Sturgis,ssturgisoi@smugmug.com,Male
884,Merwyn,Samme,msammeoj@walmart.com,Male
885,Mathilda,Gooder,mgooderok@slate.com,Female
886,Amelita,Padilla,apadillaol@google.co.jp,Female
887,Cory,Chippendale,cchippendaleom@comcast.net,Male
888,Lodovico,Sexon,lsexonon@bloomberg.com,Male
889,Chelsea,Ballard,cballardoo@spotify.com,Female
890,Victor,Penhale,vpenhaleop@nba.com,Male
891,Trevor,Hegdonne,thegdonneoq@feedburner.com,Male
892,Christean,Cluckie,ccluckieor@zdnet.com,Agender
893,Tabb,Burtwistle,tburtwistleos@ovh.net,Male
894,Carolyne,Danford,cdanfordot@51.la,Female
895,Waiter,Goodsall,wgoodsallou@xing.com,Male
896,Shandeigh,Matchitt,smatchittov@netvibes.com,Agender
897,Paco,Thunder,pthunderow@admin.ch,Male
898,Ursula,Este,uesteox@ibm.com,Female
899,Ora,McCunn,omccunnoy@woothemes.com,Female
900,Germaine,Gair,ggairoz@engadget.com,Male
901,Costanza,Matts,cmattsp0@digg.com,Female
902,Reynolds,Rodden,rroddenp1@hubpages.com,Male
903,Cherrita,Maric,cmaricp2@archive.org,Female
904,Frants,Deluca,fdelucap3@deviantart.com,Male
905,Karylin,Caldecutt,kcaldecuttp4@pbs.org,Female
906,Kayle,De la Eglise,kdelaeglisep5@cnet.com,Female
907,Delano,Kier,dkierp6@1688.com,Male
908,Freddie,Fallowfield,ffallowfieldp7@w3.org,Female
909,Fawne,de Cullip,fdecullipp8@squidoo.com,Female
910,Dougy,Davey,ddaveyp9@un.org,Male
911,Tyrone,Pauletti,tpaulettipa@nih.gov,Male
912,Dulsea,Braune,dbraunepb@aol.com,Female
913,Stearne,Oller,sollerpc@printfriendly.com,Male
914,Alexine,Louden,aloudenpd@nasa.gov,Female
915,Hubey,Duffin,hduffinpe@sohu.com,Male
916,Odetta,Wearing,owearingpf@yahoo.co.jp,Female
917,Deanna,Josselsohn,djosselsohnpg@hp.com,Bigender
918,Frayda,Croci,fcrociph@w3.org,Bigender
919,Pascal,Moyle,pmoylepi@google.com.br,Male
920,Daisey,Georgot,dgeorgotpj@bbb.org,Non-binary
921,Markos,Deeson,mdeesonpk@miibeian.gov.cn,Genderqueer
922,Calley,Claw,cclawpl@jiathis.com,Female
923,Ly,Hinkes,lhinkespm@rambler.ru,Male
924,Gabriele,Calderonello,gcalderonellopn@github.com,Male
925,Nester,Dugget,nduggetpo@illinois.edu,Male
926,Cymbre,Muschette,cmuschettepp@vinaora.com,Female
927,Allissa,Kerner,akernerpq@homestead.com,Female
928,Heddie,Thorsby,hthorsbypr@hugedomains.com,Female
929,Timmi,Ballantine,tballantineps@lycos.com,Female
930,Levin,Corstan,lcorstanpt@ftc.gov,Male
931,Nerte,Brunelleschi,nbrunelleschipu@amazon.de,Female
932,Iorgos,O'Hollegan,ioholleganpv@psu.edu,Male
933,Chloe,Skoof,cskoofpw@marriott.com,Female
934,Sybyl,Fawlks,sfawlkspx@ibm.com,Female
935,Bat,Muckian,bmuckianpy@webmd.com,Male
936,Ingaborg,Petroselli,ipetrosellipz@networkadvertising.org,Female
937,Jayme,Darley,jdarleyq0@scribd.com,Male
938,April,Overel,aoverelq1@latimes.com,Female
939,Tedie,Quigg,tquiggq2@home.pl,Male
940,Eugenio,O'Grada,eogradaq3@goo.gl,Male
941,Vinnie,Maeer,vmaeerq4@google.co.uk,Male
942,Terrijo,Lusted,tlustedq5@oakley.com,Female
943,Cross,Mickan,cmickanq6@123-reg.co.uk,Male
944,Cody,Dibbin,cdibbinq7@umn.edu,Female
945,Loise,Pinkney,lpinkneyq8@unblog.fr,Female
946,Emelen,Assante,eassanteq9@prweb.com,Male
947,Dieter,Breakey,dbreakeyqa@ucoz.com,Male
948,Abeu,Mackiewicz,amackiewiczqb@sphinn.com,Male
949,Aguie,Searchfield,asearchfieldqc@seattletimes.com,Male
950,Kynthia,Crush,kcrushqd@liveinternet.ru,Female
951,Francesco,Dennidge,fdennidgeqe@ameblo.jp,Male
952,Angelita,Grundwater,agrundwaterqf@japanpost.jp,Female
953,Reggie,Cawdell,rcawdellqg@hostgator.com,Polygender
954,Birdie,Cicconettii,bcicconettiiqh@ucoz.ru,Female
955,Orel,Thumann,othumannqi@bandcamp.com,Female
956,Eldon,Scoggans,escoggansqj@ihg.com,Male
957,Karolina,Spehr,kspehrqk@elegantthemes.com,Female
958,Humfrid,Filimore,hfilimoreql@baidu.com,Male
959,Kendre,Buckthorpe,kbuckthorpeqm@umich.edu,Female
960,Erika,Manilow,emanilowqn@sbwire.com,Female
961,Tabitha,Slaymaker,tslaymakerqo@tiny.cc,Female
962,Jaimie,Guest,jguestqp@fema.gov,Female
963,Osborn,Kirgan,okirganqq@vkontakte.ru,Male
964,Carny,Millom,cmillomqr@ca.gov,Male
965,Dwight,Laybourne,dlaybourneqs@devhub.com,Male
966,Ardella,Ingleston,ainglestonqt@elegantthemes.com,Female
967,Cheryl,Girton,cgirtonqu@yale.edu,Female
968,Marney,Dalby,mdalbyqv@discuz.net,Female
969,Ronalda,Spaduzza,rspaduzzaqw@comsenz.com,Female
970,Nicolle,McTaggart,nmctaggartqx@artisteer.com,Female
971,Yank,Bestar,ybestarqy@google.fr,Male
972,Julianne,Tynnan,jtynnanqz@un.org,Female
973,Aldrich,Roubottom,aroubottomr0@reference.com,Male
974,Baron,Glenton,bglentonr1@auda.org.au,Male
975,Archaimbaud,Lumley,alumleyr2@wp.com,Male
976,Sharity,Samber,ssamberr3@mail.ru,Female
977,Ingeborg,Londer,ilonderr4@ezinearticles.com,Female
978,Angel,Drummond,adrummondr5@w3.org,Male
979,Gare,Haining,ghainingr6@netvibes.com,Male
980,Casar,Josephoff,cjosephoffr7@usgs.gov,Male
981,Angil,Milstead,amilsteadr8@ucsd.edu,Female
982,Kania,Carslake,kcarslaker9@blogtalkradio.com,Female
983,Stacie,Blakeslee,sblakesleera@ftc.gov,Female
984,Izak,Bolden,iboldenrb@aboutads.info,Male
985,Juline,Guyers,jguyersrc@comsenz.com,Female
986,Erina,Crippes,ecrippesrd@scientificamerican.com,Female
987,Marlow,Lamborne,mlambornere@bluehost.com,Male
988,Gannon,Emmens,gemmensrf@theglobeandmail.com,Male
989,Nilson,Hilhouse,nhilhouserg@marketwatch.com,Male
990,Trever,Frichley,tfrichleyrh@howstuffworks.com,Male
991,Antonie,Sheehy,asheehyri@vk.com,Female
992,Danita,Imloch,dimlochrj@people.com.cn,Female
993,Franklin,Amber,famberrk@ucsd.edu,Male
994,Der,Orringe,dorringerl@reuters.com,Male
995,Kahlil,Skipper,kskipperrm@cam.ac.uk,Male
996,Kaja,Lardnar,klardnarrn@blogger.com,Non-binary
997,Debbie,Casiero,dcasieroro@geocities.jp,Female
998,Kipp,Swale,kswalerp@merriam-webster.com,Female
999,Harland,Sciusscietto,hsciussciettorq@blinklist.com,Polygender
1000,Elly,Turbill,eturbillrr@surveymonkey.com,Female
